round,eq_q,eq_p,eq_surplus,actual_trades,actual_total_profit,market_efficiency,avg_price,abs_diff_price,abs_diff_quantity,role_strat_perf,bot_details,buyer_vals,seller_vals
0,13,0.5975253011995579,6.078550256156777,25,1.0803933235857126,0.17773865116791876,0.506,0.09152530119955793,12,"{('buyer', 'zi-buyer'): {'profit': 1.5538078677726594, 'count': 5}, ('seller', 'zi-seller'): {'profit': -0.4734145441869468, 'count': 5}}","[{'name': 'B0', 'role': 'buyer', 'strategy': 'zi-buyer', 'profit': -0.7716585726031007}, {'name': 'B1', 'role': 'buyer', 'strategy': 'zi-buyer', 'profit': 0.7770512783132897}, {'name': 'B2', 'role': 'buyer', 'strategy': 'zi-buyer', 'profit': 0.6750644483629386}, {'name': 'B3', 'role': 'buyer', 'strategy': 'zi-buyer', 'profit': -0.09816991122685148}, {'name': 'B4', 'role': 'buyer', 'strategy': 'zi-buyer', 'profit': 0.9715206249263832}, {'name': 'S0', 'role': 'seller', 'strategy': 'zi-seller', 'profit': -0.15240203520092505}, {'name': 'S1', 'role': 'seller', 'strategy': 'zi-seller', 'profit': -0.5186366379374998}, {'name': 'S2', 'role': 'seller', 'strategy': 'zi-seller', 'profit': 0.577404931609652}, {'name': 'S3', 'role': 'seller', 'strategy': 'zi-seller', 'profit': 0.00926493009785484}, {'name': 'S4', 'role': 'seller', 'strategy': 'zi-seller', 'profit': -0.38904573275602883}]","[0.9922470725858205, 0.9217265098962596, 0.912305342889376, 0.8325065326181772, 0.8243737469076314, 0.8204376297831348, 0.8016125465746553, 0.8000651323113592, 0.7896128249156874, 0.6992083316156428, 0.6637488828437452, 0.6562776331888889, 0.6177528569514706, 0.5857873539022715, 0.5332655736050008, 0.4035875305784462, 0.39873905405496446, 0.38370480861420864, 0.36584835924937553, 0.34810194289930996, 0.30763338797950246, 0.20494600207758173, 0.16568728368878083, 0.1092883976212714, 0.06534313042009643]","[0.04388040358005296, 0.06730027227364666, 0.1970220513983837, 0.20098149439511848, 0.2648561880289837, 0.28492583480905564, 0.31372789799617684, 0.40747000249106957, 0.4523282032393763, 0.45715758654038996, 0.46093367968783205, 0.5254434270373415, 0.5772977454476452, 0.5944568076620798, 0.6186732200516616, 0.619745545490325, 0.6349978834153693, 0.6529227636895261, 0.6755988748158552, 0.6905413711203235, 0.7957202632117738, 0.7982388255646697, 0.9150999978526841, 0.9165308177445435, 0.9575633866430626]"
1,12,0.4275452198700784,6.343779837528938,25,-1.0846733874188907,-0.17098219282486926,0.4936,0.06605478012992161,13,"{('buyer', 'zi-buyer'): {'profit': -2.6178265217087615, 'count': 5}, ('seller', 'zi-seller'): {'profit': 1.5331531342898708, 'count': 5}}","[{'name': 'B0', 'role': 'buyer', 'strategy': 'zi-buyer', 'profit': 0.4105801778152782}, {'name': 'B1', 'role': 'buyer', 'strategy': 'zi-buyer', 'profit': -1.1295753898098755}, {'name': 'B2', 'role': 'buyer', 'strategy': 'zi-buyer', 'profit': -1.3248971794645183}, {'name': 'B3', 'role': 'buyer', 'strategy': 'zi-buyer', 'profit': -0.38235504671394993}, {'name': 'B4', 'role': 'buyer', 'strategy': 'zi-buyer', 'profit': -0.19157908353569603}, {'name': 'S0', 'role': 'seller', 'strategy': 'zi-seller', 'profit': 0.08128408408804261}, {'name': 'S1', 'role': 'seller', 'strategy': 'zi-seller', 'profit': 0.7140333699239193}, {'name': 'S2', 'role': 'seller', 'strategy': 'zi-seller', 'profit': 1.6685462164836782}, {'name': 'S3', 'role': 'seller', 'strategy': 'zi-seller', 'profit': -0.6231050970848391}, {'name': 'S4', 'role': 'seller', 'strategy': 'zi-seller', 'profit': -0.30760543912093047}]","[0.9921346995314384, 0.9366520211936105, 0.9227983619637589, 0.896211095192994, 0.8219647954207651, 0.6377742301781497, 0.6223178024332493, 0.5296049458950927, 0.5100222659975053, 0.4948680867893467, 0.485825890597113, 0.46537892700160166, 0.24896431366061744, 0.21817619849538605, 0.21302598510136095, 0.15262466020217658, 0.14698008257684525, 0.09943039042719082, 0.06663773426460551, 0.05574650057716202, 0.05360537958861278, 0.053265461317952845, 0.04207644014414391, 0.03424822934630678, 0.021838980394252472]","[0.017670245924945482, 0.03780394708566337, 0.04296152045921475, 0.053371664840927036, 0.1252745582479453, 0.1259175121232483, 0.1373533874060977, 0.2488778198703977, 0.2588293751524009, 0.2658788924176295, 0.2681228483986614, 0.3897115127385551, 0.4637785505123847, 0.4857827232163241, 0.5424248912786797, 0.5484088761196835, 0.6370306389898059, 0.6671873940487714, 0.7052298216442072, 0.705453333939206, 0.7395938178864462, 0.748498264884665, 0.7798503307641831, 0.8621229501368931, 0.9497119876231928]"
2,15,0.4653264427399088,8.019752209512536,25,3.580054986638394,0.4464046884630617,0.4988,0.03347355726009121,10,"{('buyer', 'zi-buyer'): {'profit': 2.065532499431871, 'count': 5}, ('seller', 'zi-seller'): {'profit': 1.514522487206523, 'count': 5}}","[{'name': 'B0', 'role': 'buyer', 'strategy': 'zi-buyer', 'profit': 0.10788587412893696}, {'name': 'B1', 'role': 'buyer', 'strategy': 'zi-buyer', 'profit': -0.47793941366074016}, {'name': 'B2', 'role': 'buyer', 'strategy': 'zi-buyer', 'profit': 1.243327192520433}, {'name': 'B3', 'role': 'buyer', 'strategy': 'zi-buyer', 'profit': 1.2112499541708548}, {'name': 'B4', 'role': 'buyer', 'strategy': 'zi-buyer', 'profit': -0.01899110772761342}, {'name': 'S0', 'role': 'seller', 'strategy': 'zi-seller', 'profit': 1.923503669485346}, {'name': 'S1', 'role': 'seller', 'strategy': 'zi-seller', 'profit': -1.1174650451606367}, {'name': 'S2', 'role': 'seller', 'strategy': 'zi-seller', 'profit': 0.7676863525972372}, {'name': 'S3', 'role': 'seller', 'strategy': 'zi-seller', 'profit': -0.9887811496749324}, {'name': 'S4', 'role': 'seller', 'strategy': 'zi-seller', 'profit': 0.929578659959509}]","[0.9718072185468831, 0.9519237004016622, 0.91584756887531, 0.9030160672025912, 0.8863932814556641, 0.8468999171164537, 0.7771880366573208, 0.7716605576388367, 0.7446442764399168, 0.7115720240546656, 0.708416556683353, 0.680358572286908, 0.6139406683202606, 0.5682049449047353, 0.498934090462132, 0.4476547389110713, 0.42249009706275287, 0.41373307448131424, 0.3910650476459584, 0.37265517571177953, 0.3106633429848177, 0.3095100594777752, 0.2505139477308629, 0.05921279338724106, 0.0072267409916046965]","[0.024576859154312514, 0.04290285168364316, 0.08126868748778526, 0.1128098542161029, 0.12413038027767909, 0.2214018463205324, 0.24258698455924266, 0.256792675078913, 0.262123746036213, 0.30306378559312086, 0.3359455002017713, 0.34745589841728686, 0.362093471825354, 0.38218393566451614, 0.4317187950176856, 0.4719199108226453, 0.6753845568494435, 0.6995760157177915, 0.727989474765333, 0.7304687886308477, 0.7323434823341332, 0.7508304616014307, 0.8088269597383148, 0.8704514800302633, 0.9566311107691148]"
3,14,0.5067024161494137,6.922530369808719,25,1.3678359282789008,0.1975918999567634,0.5124,0.005697583850586274,11,"{('buyer', 'zi-buyer'): {'profit': -0.18324467021059082, 'count': 5}, ('seller', 'zi-seller'): {'profit': 1.5510805984894915, 'count': 5}}","[{'name': 'B0', 'role': 'buyer', 'strategy': 'zi-buyer', 'profit': 0.3162114315064071}, {'name': 'B1', 'role': 'buyer', 'strategy': 'zi-buyer', 'profit': -0.6987521125713773}, {'name': 'B2', 'role': 'buyer', 'strategy': 'zi-buyer', 'profit': 0.865817005906768}, {'name': 'B3', 'role': 'buyer', 'strategy': 'zi-buyer', 'profit': -0.7813705079159745}, {'name': 'B4', 'role': 'buyer', 'strategy': 'zi-buyer', 'profit': 0.1148495128635858}, {'name': 'S0', 'role': 'seller', 'strategy': 'zi-seller', 'profit': 0.5631485329426033}, {'name': 'S1', 'role': 'seller', 'strategy': 'zi-seller', 'profit': 0.2627063096310825}, {'name': 'S2', 'role': 'seller', 'strategy': 'zi-seller', 'profit': 0.44546603878440405}, {'name': 'S3', 'role': 'seller', 'strategy': 'zi-seller', 'profit': -0.6280071863269066}, {'name': 'S4', 'role': 'seller', 'strategy': 'zi-seller', 'profit': 0.9077669034583081}]","[0.9727922174540083, 0.8909997326896457, 0.8746174674554303, 0.8357169522266237, 0.8275012315377229, 0.7959393361079763, 0.791260850597782, 0.7708945925525932, 0.7271887913823855, 0.6750080024089834, 0.66133867366689, 0.6453129296116844, 0.5426903003991165, 0.5249086835850251, 0.48247579314171607, 0.3417508797967447, 0.26389725260764907, 0.25065067901033133, 0.20002688466269058, 0.16683435268096913, 0.12129730305423347, 0.09569679168815293, 0.07157078095822245, 0.048448653137576736, 0.04793619737525556]","[0.023007107511868408, 0.03746963279001392, 0.11078950131896048, 0.12853580368937612, 0.18343498726595475, 0.18653417793965787, 0.2158041784287913, 0.28054152933478815, 0.3597993522666253, 0.3645816671501836, 0.3724221033503974, 0.3868343528253251, 0.4753888492814037, 0.4884961487138023, 0.5004032187698787, 0.5131267552147033, 0.5492720466191006, 0.5685678070965924, 0.6780980482733184, 0.7111059853168419, 0.7440136406658818, 0.8002712982077158, 0.8183342425081244, 0.8215536777544571, 0.9405332892167461]"
4,11,0.4997637513676224,4.659095593553026,25,-2.827211474875512,-0.6068155113167534,0.5224,0.022636248632377565,14,"{('buyer', 'zi-buyer'): {'profit': -2.3522969034194094, 'count': 5}, ('seller', 'zi-seller'): {'profit': -0.4749145714561026, 'count': 5}}","[{'name': 'B0', 'role': 'buyer', 'strategy': 'zi-buyer', 'profit': -1.1953518649385364}, {'name': 'B1', 'role': 'buyer', 'strategy': 'zi-buyer', 'profit': -0.877662271242274}, {'name': 'B2', 'role': 'buyer', 'strategy': 'zi-buyer', 'profit': -0.46999445093499553}, {'name': 'B3', 'role': 'buyer', 'strategy': 'zi-buyer', 'profit': 0.05656085831216062}, {'name': 'B4', 'role': 'buyer', 'strategy': 'zi-buyer', 'profit': 0.13415082538423576}, {'name': 'S0', 'role': 'seller', 'strategy': 'zi-seller', 'profit': -1.0395959510173434}, {'name': 'S1', 'role': 'seller', 'strategy': 'zi-seller', 'profit': 0.2117411056329312}, {'name': 'S2', 'role': 'seller', 'strategy': 'zi-seller', 'profit': -0.26063264187617785}, {'name': 'S3', 'role': 'seller', 'strategy': 'zi-seller', 'profit': 1.5056485692638357}, {'name': 'S4', 'role': 'seller', 'strategy': 'zi-seller', 'profit': -0.8920756534593485}]","[0.9130448310011476, 0.9021493328899701, 0.8358418526146418, 0.7786573923948288, 0.7303743032440948, 0.6460837533169695, 0.645509771591491, 0.6384755815275578, 0.5961123209322718, 0.5884087335507894, 0.532344917680902, 0.4947004724642482, 0.4190624296528179, 0.3078101940212592, 0.29153613952677393, 0.2884319701354475, 0.2710875626363811, 0.16061829008960415, 0.14764009249715604, 0.13827448062051062, 0.11810224361292365, 0.10283154685581919, 0.06922185772496181, 0.062347968430676914, 0.0290350575673457]","[0.12126033411246995, 0.15212600043986524, 0.20110888013206185, 0.2221271660659545, 0.22393903605320453, 0.286477225492747, 0.34301860759855296, 0.3596414663747507, 0.3625940922545414, 0.408431803613148, 0.46718258505434285, 0.5154210389427583, 0.5581305406400127, 0.5581893626063404, 0.5697565995782908, 0.5811335527098475, 0.6416322730236036, 0.6593461945098879, 0.7309380082307491, 0.8130820547285574, 0.8229904586277841, 0.9741424293110407, 0.9755941550624647, 0.9917015862067972, 0.9949491200863296]"
5,12,0.42778598555066605,5.331635458859209,25,-1.058862558544141,-0.19859995431321217,0.49479999999999996,0.06701401444933391,13,"{('buyer', 'zi-buyer'): {'profit': -1.3854521929694723, 'count': 5}, ('seller', 'zi-seller'): {'profit': 0.32658963442533134, 'count': 5}}","[{'name': 'B0', 'role': 'buyer', 'strategy': 'zi-buyer', 'profit': -0.47495797203296375}, {'name': 'B1', 'role': 'buyer', 'strategy': 'zi-buyer', 'profit': -1.6428218143106181}, {'name': 'B2', 'role': 'buyer', 'strategy': 'zi-buyer', 'profit': -0.40844894387965514}, {'name': 'B3', 'role': 'buyer', 'strategy': 'zi-buyer', 'profit': -0.10644761289882143}, {'name': 'B4', 'role': 'buyer', 'strategy': 'zi-buyer', 'profit': 1.2472241501525865}, {'name': 'S0', 'role': 'seller', 'strategy': 'zi-seller', 'profit': -0.09061164268227412}, {'name': 'S1', 'role': 'seller', 'strategy': 'zi-seller', 'profit': 0.18918790760029391}, {'name': 'S2', 'role': 'seller', 'strategy': 'zi-seller', 'profit': -0.13673316513573025}, {'name': 'S3', 'role': 'seller', 'strategy': 'zi-seller', 'profit': -0.13277371459156662}, {'name': 'S4', 'role': 'seller', 'strategy': 'zi-seller', 'profit': 0.4975202492346084}]","[0.9445545097890891, 0.937358895853148, 0.8576243318674945, 0.7925416100436572, 0.7645063590246696, 0.7440566783937514, 0.6113602502682741, 0.573014945046044, 0.5135493811814401, 0.4992357890768344, 0.49047140338464346, 0.4804879546780666, 0.4237176353803236, 0.3298938158483239, 0.3215159064608335, 0.2569807301552176, 0.2500091543703793, 0.20347785378146177, 0.19782822271041078, 0.1881227950503499, 0.15188609624584892, 0.12628018207438396, 0.11786316065719482, 0.11009107985821065, 0.0981190658304768]","[0.037424577659145974, 0.11448081524821918, 0.19286939337885767, 0.22221179390909618, 0.23329183728398473, 0.23608898394849565, 0.2522135886252507, 0.27519990131597194, 0.28538580262906144, 0.3008641820346015, 0.35201175729195266, 0.3750840164232655, 0.4764801051369977, 0.489430655832637, 0.49552153163970303, 0.5938701920645894, 0.5951732601308346, 0.6768301549866682, 0.7181322217171836, 0.7470792466274893, 0.8012459261568996, 0.8132714733933104, 0.8549330937552297, 0.9234418660894896, 0.9808739882957332]"
6,11,0.38041888694396964,5.425333367416161,25,-0.9404631412364188,-0.1733466088710266,0.5324000000000001,0.15198111305603046,14,"{('buyer', 'zi-buyer'): {'profit': -2.8521955447654785, 'count': 5}, ('seller', 'zi-seller'): {'profit': 1.9117324035290597, 'count': 5}}","[{'name': 'B0', 'role': 'buyer', 'strategy': 'zi-buyer', 'profit': -1.2168781114638656}, {'name': 'B1', 'role': 'buyer', 'strategy': 'zi-buyer', 'profit': -0.11464668860628752}, {'name': 'B2', 'role': 'buyer', 'strategy': 'zi-buyer', 'profit': 0.19097776855431048}, {'name': 'B3', 'role': 'buyer', 'strategy': 'zi-buyer', 'profit': -0.3474062243173168}, {'name': 'B4', 'role': 'buyer', 'strategy': 'zi-buyer', 'profit': -1.3642422889323191}, {'name': 'S0', 'role': 'seller', 'strategy': 'zi-seller', 'profit': 0.3139623462247968}, {'name': 'S1', 'role': 'seller', 'strategy': 'zi-seller', 'profit': 0.4052617876479917}, {'name': 'S2', 'role': 'seller', 'strategy': 'zi-seller', 'profit': 0.32860216211932824}, {'name': 'S3', 'role': 'seller', 'strategy': 'zi-seller', 'profit': 0.4590182473689336}, {'name': 'S4', 'role': 'seller', 'strategy': 'zi-seller', 'profit': 0.4048878601680094}]","[0.9820822201992491, 0.9020992591115826, 0.826474665311669, 0.8254928083211666, 0.7775202134369136, 0.7220115368842589, 0.6758223423701347, 0.572077510669529, 0.5248239579297169, 0.4164787765032547, 0.40870931647781283, 0.39311772169531556, 0.3494219674844483, 0.330876385218561, 0.3207950065253019, 0.2802385492529681, 0.2366680579314877, 0.19909183015705845, 0.18410566308117693, 0.14502670035103193, 0.14375904817346086, 0.11429959692407277, 0.0990790679959489, 0.02719095316659159, 0.0005413000618091912]","[0.1223229288412877, 0.1252041796622878, 0.12722750132242577, 0.132680676734641, 0.13306034657830956, 0.16392041932517054, 0.19227331767229439, 0.2804704799657137, 0.28440568726063353, 0.2945652450262376, 0.35212845741012644, 0.40674878325076724, 0.43347280534666854, 0.4870241201198692, 0.5223007624915363, 0.5476231573088971, 0.5689949641733406, 0.5953118507890313, 0.6179860138557679, 0.7231670940142795, 0.7791788444689365, 0.7881075036071327, 0.8754864237252591, 0.8774048678049988, 0.9672011657153275]"
7,14,0.41612204183248247,8.135342822682542,25,3.114337016312438,0.382815707240905,0.5208,0.10467795816751757,11,"{('buyer', 'zi-buyer'): {'profit': 0.4840175880221565, 'count': 5}, ('seller', 'zi-seller'): {'profit': 2.6303194282902815, 'count': 5}}","[{'name': 'B0', 'role': 'buyer', 'strategy': 'zi-buyer', 'profit': -0.06720318472485431}, {'name': 'B1', 'role': 'buyer', 'strategy': 'zi-buyer', 'profit': -0.21913529664583897}, {'name': 'B2', 'role': 'buyer', 'strategy': 'zi-buyer', 'profit': 0.48867820356072034}, {'name': 'B3', 'role': 'buyer', 'strategy': 'zi-buyer', 'profit': -0.08923252743830551}, {'name': 'B4', 'role': 'buyer', 'strategy': 'zi-buyer', 'profit': 0.37091039327043496}, {'name': 'S0', 'role': 'seller', 'strategy': 'zi-seller', 'profit': 1.4884094800263614}, {'name': 'S1', 'role': 'seller', 'strategy': 'zi-seller', 'profit': -0.5076365201849489}, {'name': 'S2', 'role': 'seller', 'strategy': 'zi-seller', 'profit': -0.4463769485584225}, {'name': 'S3', 'role': 'seller', 'strategy': 'zi-seller', 'profit': 1.1004734957404192}, {'name': 'S4', 'role': 'seller', 'strategy': 'zi-seller', 'profit': 0.9954499212668726}]","[0.9813959348204145, 0.9613909714544793, 0.9429387032033163, 0.9388586063829487, 0.931493012488476, 0.9053716005448768, 0.8943328463680636, 0.7584025493735818, 0.6373561248969879, 0.5979460749196845, 0.5966882541883689, 0.5452107293336323, 0.5110231225704764, 0.4506574520639761, 0.4429631286834833, 0.41814630882679005, 0.4107900299941337, 0.39769466023150857, 0.27778785704827824, 0.273536326459192, 0.19231311155160769, 0.17028570045970348, 0.16526217016214695, 0.0737658822610231, 0.028406429735005956]","[0.008349103243921796, 0.04463414796642973, 0.06315116215000416, 0.11434594226447636, 0.11483010748175515, 0.12254959868166948, 0.13918902060184646, 0.17502864074963398, 0.20612923455444743, 0.22165047087453382, 0.2904317460171859, 0.2999592662898999, 0.33588808744995025, 0.3815866316009888, 0.4478288878447746, 0.4599292675535921, 0.5248592580470149, 0.6899751817000251, 0.692695661321024, 0.7145345375105157, 0.7383389174462233, 0.801435690459662, 0.8650939926358112, 0.9658545959207364, 0.9714114213435957]"
8,12,0.4609162442033984,5.674263273840452,25,0.3976316602359217,0.07007635018788912,0.4888,0.027883755796601628,13,"{('buyer', 'zi-buyer'): {'profit': 0.4080989547575589, 'count': 5}, ('seller', 'zi-seller'): {'profit': -0.010467294521637194, 'count': 5}}","[{'name': 'B0', 'role': 'buyer', 'strategy': 'zi-buyer', 'profit': 0.49438676165970924}, {'name': 'B1', 'role': 'buyer', 'strategy': 'zi-buyer', 'profit': 0.12353252544201976}, {'name': 'B2', 'role': 'buyer', 'strategy': 'zi-buyer', 'profit': 0.21585521021905163}, {'name': 'B3', 'role': 'buyer', 'strategy': 'zi-buyer', 'profit': -0.23760746913984832}, {'name': 'B4', 'role': 'buyer', 'strategy': 'zi-buyer', 'profit': -0.18806807342337334}, {'name': 'S0', 'role': 'seller', 'strategy': 'zi-seller', 'profit': 0.729786325890825}, {'name': 'S1', 'role': 'seller', 'strategy': 'zi-seller', 'profit': 0.8933618885148398}, {'name': 'S2', 'role': 'seller', 'strategy': 'zi-seller', 'profit': -1.0448931211742472}, {'name': 'S3', 'role': 'seller', 'strategy': 'zi-seller', 'profit': 0.08670947734080803}, {'name': 'S4', 'role': 'seller', 'strategy': 'zi-seller', 'profit': -0.6754318650938629}]","[0.8824517010149538, 0.8552728627618521, 0.8325922616429786, 0.8002564919380676, 0.7937538687338784, 0.7866478628310809, 0.7777665301512612, 0.7617988986967611, 0.6877975421232951, 0.6343875113396605, 0.5406327212850996, 0.47944182544115554, 0.45321799934095097, 0.4494551144980158, 0.42171423046978973, 0.40843232270800334, 0.37679423678292057, 0.36128470823295455, 0.34030446554215465, 0.270972151126454, 0.2544046153119093, 0.2203080801226992, 0.14575120623792814, 0.09099266477973844, 0.0016670816439957603]","[0.049558094393286845, 0.08726502311538675, 0.15540726889794831, 0.17300760975535423, 0.20278306857602457, 0.21215877794917481, 0.31419978511407165, 0.3220068401332138, 0.36305263821958067, 0.4169495466220339, 0.41975748837787563, 0.4423906629656412, 0.4747201522487152, 0.5014083241253694, 0.5114007007206209, 0.5164748211429181, 0.5315152085186106, 0.6536430488798151, 0.735159094121263, 0.7525082391991758, 0.7999285389855731, 0.8321895338983424, 0.8442822320292924, 0.9300412723299021, 0.9886593242024471]"
9,10,0.35561831451229475,5.371720071007546,25,-0.04503034743003065,-0.008382854436713888,0.5591999999999999,0.20358168548770517,15,"{('buyer', 'zi-buyer'): {'profit': -3.825694552611372, 'count': 5}, ('seller', 'zi-seller'): {'profit': 3.7806642051813415, 'count': 5}}","[{'name': 'B0', 'role': 'buyer', 'strategy': 'zi-buyer', 'profit': -0.8829193817316069}, {'name': 'B1', 'role': 'buyer', 'strategy': 'zi-buyer', 'profit': -0.8525544181494769}, {'name': 'B2', 'role': 'buyer', 'strategy': 'zi-buyer', 'profit': -1.5096639363910822}, {'name': 'B3', 'role': 'buyer', 'strategy': 'zi-buyer', 'profit': -0.046328200053047275}, {'name': 'B4', 'role': 'buyer', 'strategy': 'zi-buyer', 'profit': -0.5342286162861587}, {'name': 'S0', 'role': 'seller', 'strategy': 'zi-seller', 'profit': 1.957493424474594}, {'name': 'S1', 'role': 'seller', 'strategy': 'zi-seller', 'profit': 0.17410796469620826}, {'name': 'S2', 'role': 'seller', 'strategy': 'zi-seller', 'profit': 0.3865588564210107}, {'name': 'S3', 'role': 'seller', 'strategy': 'zi-seller', 'profit': 0.1677619617646688}, {'name': 'S4', 'role': 'seller', 'strategy': 'zi-seller', 'profit': 1.09474199782486}]","[0.9902923560265576, 0.835203651864771, 0.7897281127153161, 0.7337133996041139, 0.5873105751734418, 0.5852935294873385, 0.4878370174446085, 0.47518441221720986, 0.47179239380034754, 0.41823095497501384, 0.40087292209587544, 0.38778905058122837, 0.3645212737672061, 0.3637172828959987, 0.33997899195444836, 0.3387115409215249, 0.33525498678574484, 0.28705488534608825, 0.25377263785310955, 0.24680231427238908, 0.14076216830370203, 0.1366820050009241, 0.07583678989364107, 0.06317631450990957, 0.04478587989811933]","[0.007295728034724336, 0.03463481056880491, 0.058768381645569745, 0.0766810345396629, 0.09662699072582648, 0.10135584969237044, 0.10820723292374179, 0.11135027028540379, 0.11494035983549156, 0.29300567404957567, 0.44121582763094414, 0.47116949128832186, 0.515142590721643, 0.5167242427174542, 0.5247787333725861, 0.5363353449942354, 0.5573534609830993, 0.5607527502438482, 0.6288903131217128, 0.6651266207366441, 0.7177140471816434, 0.7411833487617853, 0.7484149842455269, 0.7635929384909241, 0.8080747680271179]"
10,14,0.42555426194996465,8.247224595028152,25,3.7260887613549842,0.451799113558913,0.4256,4.5738050035326605e-05,11,"{('buyer', 'zi-buyer'): {'profit': 2.505968944386095, 'count': 5}, ('seller', 'zi-seller'): {'profit': 1.2201198169688894, 'count': 5}}","[{'name': 'B0', 'role': 'buyer', 'strategy': 'zi-buyer', 'profit': 0.4760245894977179}, {'name': 'B1', 'role': 'buyer', 'strategy': 'zi-buyer', 'profit': 0.3932346541556957}, {'name': 'B2', 'role': 'buyer', 'strategy': 'zi-buyer', 'profit': -0.5483097741238355}, {'name': 'B3', 'role': 'buyer', 'strategy': 'zi-buyer', 'profit': 1.445002293679261}, {'name': 'B4', 'role': 'buyer', 'strategy': 'zi-buyer', 'profit': 0.740017181177256}, {'name': 'S0', 'role': 'seller', 'strategy': 'zi-seller', 'profit': -0.2747531442746433}, {'name': 'S1', 'role': 'seller', 'strategy': 'zi-seller', 'profit': -0.6188925228108011}, {'name': 'S2', 'role': 'seller', 'strategy': 'zi-seller', 'profit': 0.7657116330102028}, {'name': 'S3', 'role': 'seller', 'strategy': 'zi-seller', 'profit': 0.013516390562011427}, {'name': 'S4', 'role': 'seller', 'strategy': 'zi-seller', 'profit': 1.3345374604821196}]","[0.9662050672425931, 0.9579659792081784, 0.9454208851504251, 0.9258207598048773, 0.9130479982483662, 0.9106942565431636, 0.6746904858473789, 0.6571131794842837, 0.6422134775252195, 0.6189473458501974, 0.5930747303437371, 0.5870235905209162, 0.5422007438815167, 0.431636840274356, 0.4268426987674925, 0.42561261777660064, 0.4132417230717107, 0.34623068693011494, 0.2938906933266705, 0.2652944257740931, 0.2556955409195212, 0.15870791371289195, 0.10892096648364225, 0.07746510210173485, 0.008011235596413036]","[0.008684003336779877, 0.010077357449071567, 0.017167963072418857, 0.022027603360408765, 0.03233985914871074, 0.07358254300766687, 0.11042375981259123, 0.11765319511806938, 0.12410160892784716, 0.2592567332803364, 0.27753589361482023, 0.27826976536202297, 0.36823877578074027, 0.4194716836255733, 0.47807472312579213, 0.5308392844708035, 0.5754134526721822, 0.6034507877472418, 0.6470987823739027, 0.6479059477422773, 0.6728092295505561, 0.7470662813510643, 0.7569663634204579, 0.7786771322805351, 0.8627474533992399]"
11,10,0.49276948120608677,4.718793121228431,25,-2.686717620877123,-0.5693654186258746,0.5252,0.03243051879391323,15,"{('buyer', 'zi-buyer'): {'profit': -1.7328897159344219, 'count': 5}, ('seller', 'zi-seller'): {'profit': -0.9538279049427011, 'count': 5}}","[{'name': 'B0', 'role': 'buyer', 'strategy': 'zi-buyer', 'profit': -0.23728375679272273}, {'name': 'B1', 'role': 'buyer', 'strategy': 'zi-buyer', 'profit': -0.5139925148796102}, {'name': 'B2', 'role': 'buyer', 'strategy': 'zi-buyer', 'profit': -0.17377090409802087}, {'name': 'B3', 'role': 'buyer', 'strategy': 'zi-buyer', 'profit': -0.24127854362431495}, {'name': 'B4', 'role': 'buyer', 'strategy': 'zi-buyer', 'profit': -0.5665639965397531}, {'name': 'S0', 'role': 'seller', 'strategy': 'zi-seller', 'profit': 0.0123405493385913}, {'name': 'S1', 'role': 'seller', 'strategy': 'zi-seller', 'profit': -0.47856541124615326}, {'name': 'S2', 'role': 'seller', 'strategy': 'zi-seller', 'profit': -1.0644601728326375}, {'name': 'S3', 'role': 'seller', 'strategy': 'zi-seller', 'profit': -0.24928232149436874}, {'name': 'S4', 'role': 'seller', 'strategy': 'zi-seller', 'profit': 0.826139451291867}]","[0.9826821055446306, 0.9299241243621079, 0.9094112468688316, 0.7483805564120312, 0.7275928132417613, 0.6808261924122677, 0.6584451389865458, 0.6120606343920237, 0.5814416348984106, 0.5560803563204991, 0.5197841032006307, 0.5153434072787636, 0.4644951281377018, 0.40389804067516233, 0.3485981415277548, 0.29608053565312153, 0.2849801637985585, 0.279487452817892, 0.2699075195933509, 0.2221962934563495, 0.2052097513969593, 0.09056340601222201, 0.04785768540287083, 0.04591197148041659, 0.015951880194714607]","[0.008901569166388068, 0.09387355740189152, 0.1977924422427617, 0.23539687194808, 0.2676734632353085, 0.3128459236655896, 0.31733432049963683, 0.39733419257976066, 0.40744073537958725, 0.4294586060916744, 0.5653775632190348, 0.5993414480484933, 0.6709281910997601, 0.6773985105364563, 0.6789421124662094, 0.6937530218706757, 0.7147342430444333, 0.7229815460761081, 0.7499912129759507, 0.809354660199689, 0.8455412254830345, 0.8464134758344961, 0.9102031111226935, 0.9420253769627677, 0.9887905237922204]"
12,13,0.3966217303425389,6.077491730991903,25,-1.1152146634538973,-0.18349916590867726,0.4888,0.09217826965746112,12,"{('buyer', 'zi-buyer'): {'profit': -1.2338981304180814, 'count': 5}, ('seller', 'zi-seller'): {'profit': 0.11868346696418403, 'count': 5}}","[{'name': 'B0', 'role': 'buyer', 'strategy': 'zi-buyer', 'profit': -1.1339585512959565}, {'name': 'B1', 'role': 'buyer', 'strategy': 'zi-buyer', 'profit': 0.592461487766206}, {'name': 'B2', 'role': 'buyer', 'strategy': 'zi-buyer', 'profit': -0.45906837964469893}, {'name': 'B3', 'role': 'buyer', 'strategy': 'zi-buyer', 'profit': 1.2906569876222889}, {'name': 'B4', 'role': 'buyer', 'strategy': 'zi-buyer', 'profit': -1.5239896748659207}, {'name': 'S0', 'role': 'seller', 'strategy': 'zi-seller', 'profit': -0.10426233784981165}, {'name': 'S1', 'role': 'seller', 'strategy': 'zi-seller', 'profit': -0.72214720213843}, {'name': 'S2', 'role': 'seller', 'strategy': 'zi-seller', 'profit': 0.2305120953634261}, {'name': 'S3', 'role': 'seller', 'strategy': 'zi-seller', 'profit': 0.7857657238505629}, {'name': 'S4', 'role': 'seller', 'strategy': 'zi-seller', 'profit': -0.07118481226156331}]","[0.9233811881912157, 0.8852642949390948, 0.810258229628133, 0.8070638541650912, 0.8034406279277203, 0.7522017045575075, 0.6306174368437589, 0.6286201403828386, 0.4991726050523313, 0.4971514279263899, 0.4964401457249792, 0.4954015116558307, 0.3984876770208964, 0.38029577492568345, 0.3270811321291007, 0.3126028706372891, 0.28244039787075625, 0.2675482854175305, 0.2205292812721268, 0.20226936731859868, 0.20021001228653867, 0.06933627879408988, 0.04961759706605129, 0.025733386667638358, 0.020936641180727467]","[0.06771003750326332, 0.08677616999161741, 0.10592567599231428, 0.10918345182154543, 0.1095123360503476, 0.12803403806071878, 0.14688113788555257, 0.18836543283168583, 0.2535180216268361, 0.3010679319852172, 0.31819093209668337, 0.34008816351392146, 0.3947557836641814, 0.5579252407668228, 0.5618810799286577, 0.5815447010143524, 0.6688754641881677, 0.8252374245282809, 0.8310858819042899, 0.8541054067571882, 0.8591707161075094, 0.8672366883372141, 0.9772008434112239, 0.9813569847441944, 0.9856869883240297]"
13,13,0.5194426422259344,6.208174089137778,25,0.03882220864623975,0.006253402061350953,0.47200000000000003,0.04744264222593436,12,"{('buyer', 'zi-buyer'): {'profit': 0.9537850148080698, 'count': 5}, ('seller', 'zi-seller'): {'profit': -0.91496280616183, 'count': 5}}","[{'name': 'B0', 'role': 'buyer', 'strategy': 'zi-buyer', 'profit': 1.2586185704979127}, {'name': 'B1', 'role': 'buyer', 'strategy': 'zi-buyer', 'profit': -0.05238989149390738}, {'name': 'B2', 'role': 'buyer', 'strategy': 'zi-buyer', 'profit': 0.16881499231407376}, {'name': 'B3', 'role': 'buyer', 'strategy': 'zi-buyer', 'profit': -1.1749159545151358}, {'name': 'B4', 'role': 'buyer', 'strategy': 'zi-buyer', 'profit': 0.7536572980051264}, {'name': 'S0', 'role': 'seller', 'strategy': 'zi-seller', 'profit': -1.0721728717711971}, {'name': 'S1', 'role': 'seller', 'strategy': 'zi-seller', 'profit': 0.8730447601614079}, {'name': 'S2', 'role': 'seller', 'strategy': 'zi-seller', 'profit': -0.6206791873062065}, {'name': 'S3', 'role': 'seller', 'strategy': 'zi-seller', 'profit': -1.2248325924534278}, {'name': 'S4', 'role': 'seller', 'strategy': 'zi-seller', 'profit': 1.1296770852075937}]","[0.9533107897801909, 0.9335469991614758, 0.8827910217631064, 0.8714546470850916, 0.7701609469226234, 0.7684929744460289, 0.7390057226153642, 0.7216876821427994, 0.669406245104084, 0.6499625426814203, 0.5643930599427497, 0.5387737728814368, 0.5200312924918876, 0.5195845841468038, 0.5167385201613682, 0.4390151958028562, 0.3876846352618656, 0.29843555506012576, 0.21103715177359195, 0.20042274459448162, 0.1871783116841117, 0.1336548156695725, 0.1208815844148391, 0.11648920480490788, 0.03964501441528634]","[0.021242848775995582, 0.028458236642883716, 0.04260175932882382, 0.0550907849664517, 0.15068904740326983, 0.20300381279026602, 0.24542860913232556, 0.3288669655095757, 0.4000160395112692, 0.4275267444544393, 0.44065473817317047, 0.5124100292320284, 0.5188539919599812, 0.5443846574070113, 0.6445626492833886, 0.6681898643974348, 0.7174186835168146, 0.7302554261289615, 0.7359609395672041, 0.8539430107752515, 0.8541892140104176, 0.8589776240194005, 0.876407541899605, 0.8814940661628038, 0.9743355211130562]"
14,12,0.5745119498998779,6.483478657104884,25,-0.6776957040817714,-0.10452655741206494,0.5352,0.03931194989987785,13,"{('buyer', 'zi-buyer'): {'profit': -0.9452506171452929, 'count': 5}, ('seller', 'zi-seller'): {'profit': 0.2675549130635215, 'count': 5}}","[{'name': 'B0', 'role': 'buyer', 'strategy': 'zi-buyer', 'profit': 0.24973486066940698}, {'name': 'B1', 'role': 'buyer', 'strategy': 'zi-buyer', 'profit': -1.3762666987591539}, {'name': 'B2', 'role': 'buyer', 'strategy': 'zi-buyer', 'profit': -0.18597815286007202}, {'name': 'B3', 'role': 'buyer', 'strategy': 'zi-buyer', 'profit': 1.1784212679533055}, {'name': 'B4', 'role': 'buyer', 'strategy': 'zi-buyer', 'profit': -0.8111618941487794}, {'name': 'S0', 'role': 'seller', 'strategy': 'zi-seller', 'profit': 0.14167330090682767}, {'name': 'S1', 'role': 'seller', 'strategy': 'zi-seller', 'profit': 0.20854655275995643}, {'name': 'S2', 'role': 'seller', 'strategy': 'zi-seller', 'profit': -0.8187692881504456}, {'name': 'S3', 'role': 'seller', 'strategy': 'zi-seller', 'profit': 0.6359421831933658}, {'name': 'S4', 'role': 'seller', 'strategy': 'zi-seller', 'profit': 0.1001621643538172}]","[0.9692912531801917, 0.9544021635226608, 0.9526497021524601, 0.9257351863027196, 0.8932277653366715, 0.8920219084897051, 0.8081108141698513, 0.684540635948732, 0.6841151579971192, 0.6800842352627042, 0.6537957317223062, 0.6332446370440299, 0.44083671394432566, 0.37526306748594185, 0.3138738779062109, 0.3001744727498745, 0.2709907735022802, 0.21340725903486413, 0.17389772846788543, 0.1722250371593994, 0.1499084123736083, 0.1392294695625611, 0.09003485141671863, 0.05439617887592585, 0.009292349245959564]","[0.011455793335697573, 0.08446200868183296, 0.08825066899988687, 0.10254172236705905, 0.14768297002757858, 0.26600318328701256, 0.32955807180615626, 0.3714012660704088, 0.38261884851583705, 0.45846078975034277, 0.48952594842672803, 0.5157792627557258, 0.5453717080885477, 0.5835706206102753, 0.6237653734630689, 0.667078747188271, 0.6743815762811196, 0.74465173966991, 0.762580334692557, 0.7651793900332055, 0.84873078840219, 0.8877385246172236, 0.8940118687027853, 0.9071724253846807, 0.9604714557783778]"
15,11,0.4175919977313906,5.678657075092178,25,-1.9310914745904135,-0.34006129425574927,0.4928,0.07520800226860941,14,"{('buyer', 'zi-buyer'): {'profit': -2.269611430710177, 'count': 5}, ('seller', 'zi-seller'): {'profit': 0.3385199561197637, 'count': 5}}","[{'name': 'B0', 'role': 'buyer', 'strategy': 'zi-buyer', 'profit': -0.19026402121154695}, {'name': 'B1', 'role': 'buyer', 'strategy': 'zi-buyer', 'profit': -0.8819457964329562}, {'name': 'B2', 'role': 'buyer', 'strategy': 'zi-buyer', 'profit': -0.6978930507276071}, {'name': 'B3', 'role': 'buyer', 'strategy': 'zi-buyer', 'profit': 0.6583822635711905}, {'name': 'B4', 'role': 'buyer', 'strategy': 'zi-buyer', 'profit': -1.1578908259092573}, {'name': 'S0', 'role': 'seller', 'strategy': 'zi-seller', 'profit': 0.7029762536108337}, {'name': 'S1', 'role': 'seller', 'strategy': 'zi-seller', 'profit': 0.5448073704065426}, {'name': 'S2', 'role': 'seller', 'strategy': 'zi-seller', 'profit': 0.18168214883740896}, {'name': 'S3', 'role': 'seller', 'strategy': 'zi-seller', 'profit': -0.7596201323016335}, {'name': 'S4', 'role': 'seller', 'strategy': 'zi-seller', 'profit': -0.33132568443338806}]","[0.9302120725973483, 0.9135310135352638, 0.893768844066485, 0.8488572244642288, 0.8160752212248572, 0.7166287248179641, 0.6802018888054697, 0.5685665017866273, 0.5388751028445704, 0.5073640109221244, 0.45999591078998414, 0.3720134118561049, 0.35338245380086164, 0.2485076584588678, 0.20713453436522467, 0.18710154765172848, 0.18448755120423954, 0.13109786936826318, 0.12151182605708999, 0.08266616555551876, 0.08261923980063024, 0.0655725749295728, 0.0641664276216648, 0.048549467362308696, 0.02750132540282413]","[0.04676121526467392, 0.08473511197028749, 0.0925882207674884, 0.0962836092947138, 0.12327548814100142, 0.13740256055537026, 0.2650543654227271, 0.3016406668708982, 0.32686036052271106, 0.3456297572800757, 0.3751880846727971, 0.43946242572575345, 0.4637947483657868, 0.4868602606849799, 0.4958967243530248, 0.6153137742427786, 0.6199272577295281, 0.6695314698219302, 0.7564866726899561, 0.7728249453324416, 0.8204048986591311, 0.8204411898943512, 0.9023011383933538, 0.943107737847519, 0.9797073593769571]"
16,14,0.5740647832946044,6.543579831442887,25,1.5867289460585783,0.24248637396217076,0.51,0.06406478329460441,11,"{('buyer', 'zi-buyer'): {'profit': 2.0271555194887885, 'count': 5}, ('seller', 'zi-seller'): {'profit': -0.4404265734302102, 'count': 5}}","[{'name': 'B0', 'role': 'buyer', 'strategy': 'zi-buyer', 'profit': 1.0816936369576176}, {'name': 'B1', 'role': 'buyer', 'strategy': 'zi-buyer', 'profit': 0.5014970424259864}, {'name': 'B2', 'role': 'buyer', 'strategy': 'zi-buyer', 'profit': 0.6257806598252863}, {'name': 'B3', 'role': 'buyer', 'strategy': 'zi-buyer', 'profit': 0.09736638366635053}, {'name': 'B4', 'role': 'buyer', 'strategy': 'zi-buyer', 'profit': -0.2791822033864522}, {'name': 'S0', 'role': 'seller', 'strategy': 'zi-seller', 'profit': -0.9696377637448036}, {'name': 'S1', 'role': 'seller', 'strategy': 'zi-seller', 'profit': -0.14571395222016326}, {'name': 'S2', 'role': 'seller', 'strategy': 'zi-seller', 'profit': 0.5800427159333673}, {'name': 'S3', 'role': 'seller', 'strategy': 'zi-seller', 'profit': -1.0216679399209807}, {'name': 'S4', 'role': 'seller', 'strategy': 'zi-seller', 'profit': 1.1165503665223702}]","[0.982209377229111, 0.9639669856985208, 0.923952292117801, 0.8995010805474977, 0.8742576144663413, 0.8140352334725526, 0.7780975590575973, 0.7288448815300465, 0.6895926757517234, 0.6710880987368689, 0.6598326403035836, 0.652418230538091, 0.5981246397141347, 0.5971064353026502, 0.5822380790940452, 0.5476568768797682, 0.5328266398586111, 0.4947972643907743, 0.4846801388011286, 0.4408678202315095, 0.33328514848695656, 0.2212652860037857, 0.1273048316711466, 0.12072508347108502, 0.05848060613345796]","[0.0681364873685616, 0.11597572880270535, 0.15834259254411054, 0.15960152668246774, 0.18131013184531353, 0.23842070569819462, 0.2736978723018417, 0.31340729068531314, 0.39378961700482107, 0.4101362067498222, 0.4570413305409786, 0.47173335085773915, 0.4968319406552061, 0.5510231312865588, 0.60371294570934, 0.7055972499428149, 0.727535482667854, 0.7545160641714249, 0.7677447474613234, 0.8113541319521748, 0.8634617830622098, 0.8687794592057424, 0.8978691055577304, 0.9053158217664087, 0.9950918689095529]"
17,14,0.5141044415344713,7.541933542984742,25,2.6737927818669474,0.3545235139805788,0.5064,0.007704441534471362,11,"{('buyer', 'zi-buyer'): {'profit': 1.1400721371733682, 'count': 5}, ('seller', 'zi-seller'): {'profit': 1.5337206446935792, 'count': 5}}","[{'name': 'B0', 'role': 'buyer', 'strategy': 'zi-buyer', 'profit': -0.40834387706376335}, {'name': 'B1', 'role': 'buyer', 'strategy': 'zi-buyer', 'profit': 1.5329562768031568}, {'name': 'B2', 'role': 'buyer', 'strategy': 'zi-buyer', 'profit': 0.322047546735708}, {'name': 'B3', 'role': 'buyer', 'strategy': 'zi-buyer', 'profit': -0.160463854296713}, {'name': 'B4', 'role': 'buyer', 'strategy': 'zi-buyer', 'profit': -0.14612395500502035}, {'name': 'S0', 'role': 'seller', 'strategy': 'zi-seller', 'profit': 1.0063977804791477}, {'name': 'S1', 'role': 'seller', 'strategy': 'zi-seller', 'profit': 0.6643382890634262}, {'name': 'S2', 'role': 'seller', 'strategy': 'zi-seller', 'profit': -0.9339962438766033}, {'name': 'S3', 'role': 'seller', 'strategy': 'zi-seller', 'profit': 0.6083311132183414}, {'name': 'S4', 'role': 'seller', 'strategy': 'zi-seller', 'profit': 0.1886497058092672}]","[0.9676782056040923, 0.9318993074337938, 0.9314219660696947, 0.9242934130240267, 0.8602175616514782, 0.8458059116570681, 0.8203523094432387, 0.7990623255410325, 0.6416679407140217, 0.62599978928978, 0.6017226971062892, 0.5891726531013111, 0.5844480796995422, 0.5694012519735271, 0.5064498128172766, 0.4800186866789463, 0.3976131655467374, 0.38142477273361364, 0.37349802726221315, 0.36257851237633565, 0.2581945199792687, 0.21276552760310719, 0.05880354634205054, 0.03831723045725588, 0.03726492306766682]","[0.0005539264950735756, 0.07603798119001326, 0.14041837447374006, 0.14846608439797493, 0.1693671606378756, 0.17932829362874048, 0.19178579602877255, 0.19403592449758367, 0.25196301393884635, 0.26730181123143126, 0.2841710038096057, 0.3453979612385193, 0.4435749066605612, 0.45880763109541556, 0.5064839262332516, 0.5202734369530014, 0.5873099311637044, 0.6531946882191063, 0.7162651292261901, 0.7483749317749127, 0.749111753174772, 0.8255166922394387, 0.8458463877743083, 0.8658273409901318, 0.95686526823345]"
18,13,0.6768680995702308,6.580800040419703,25,1.173526229971181,0.17832576932338112,0.5224,0.15446809957023078,12,"{('buyer', 'zi-buyer'): {'profit': 2.037323561430034, 'count': 5}, ('seller', 'zi-seller'): {'profit': -0.8637973314588527, 'count': 5}}","[{'name': 'B0', 'role': 'buyer', 'strategy': 'zi-buyer', 'profit': 0.2032991009201518}, {'name': 'B1', 'role': 'buyer', 'strategy': 'zi-buyer', 'profit': -0.27247803792888037}, {'name': 'B2', 'role': 'buyer', 'strategy': 'zi-buyer', 'profit': 0.6086082636629565}, {'name': 'B3', 'role': 'buyer', 'strategy': 'zi-buyer', 'profit': 0.7769340221535587}, {'name': 'B4', 'role': 'buyer', 'strategy': 'zi-buyer', 'profit': 0.7209602126222473}, {'name': 'S0', 'role': 'seller', 'strategy': 'zi-seller', 'profit': 0.30332282425413715}, {'name': 'S1', 'role': 'seller', 'strategy': 'zi-seller', 'profit': -0.6561454426474089}, {'name': 'S2', 'role': 'seller', 'strategy': 'zi-seller', 'profit': -0.1465017135366412}, {'name': 'S3', 'role': 'seller', 'strategy': 'zi-seller', 'profit': -0.9906534163141121}, {'name': 'S4', 'role': 'seller', 'strategy': 'zi-seller', 'profit': 0.6261804167851723}]","[0.994995231796189, 0.9899314659623455, 0.961528895650331, 0.9181912897399076, 0.9036760212914855, 0.8647935556438718, 0.8497080628379173, 0.8196430844862664, 0.7815277909179432, 0.7371137879036075, 0.7199023511571481, 0.7170332034481182, 0.707649919151919, 0.6136860115048813, 0.5578596327514803, 0.4788893950046218, 0.4385182622000037, 0.4354518167116166, 0.38937057365624117, 0.33595640190363596, 0.3326725764708326, 0.2525597692793785, 0.1860277876096288, 0.06646378113239781, 0.0441728932182649]","[0.037368074912482396, 0.12452426286889584, 0.13314815123658208, 0.14103633518343528, 0.1645890043329108, 0.28493822719063167, 0.29725020746448994, 0.4291483045797002, 0.4562488835745778, 0.5294538742140606, 0.5449646126376981, 0.5961384013833405, 0.6460862799885425, 0.6469190707930934, 0.662145798064062, 0.6918319957769579, 0.7039297888155873, 0.7274300063816665, 0.731044023033068, 0.7405802559334653, 0.8342814150381417, 0.8942875832913734, 0.959823240191796, 0.9654990073836721, 0.9811305271886208]"
19,11,0.5999161354841014,6.443105000968258,25,-0.46157605555070047,-0.07163876042394711,0.45760000000000006,0.14231613548410132,14,"{('buyer', 'zi-buyer'): {'profit': 2.2133918633367675, 'count': 5}, ('seller', 'zi-seller'): {'profit': -2.674967918887468, 'count': 5}}","[{'name': 'B0', 'role': 'buyer', 'strategy': 'zi-buyer', 'profit': 0.6902181363822418}, {'name': 'B1', 'role': 'buyer', 'strategy': 'zi-buyer', 'profit': -0.0765078442080453}, {'name': 'B2', 'role': 'buyer', 'strategy': 'zi-buyer', 'profit': 1.5988462404500754}, {'name': 'B3', 'role': 'buyer', 'strategy': 'zi-buyer', 'profit': 1.207002260008382}, {'name': 'B4', 'role': 'buyer', 'strategy': 'zi-buyer', 'profit': -1.2061669292958865}, {'name': 'S0', 'role': 'seller', 'strategy': 'zi-seller', 'profit': -0.062362417154512906}, {'name': 'S1', 'role': 'seller', 'strategy': 'zi-seller', 'profit': -0.3512035232586108}, {'name': 'S2', 'role': 'seller', 'strategy': 'zi-seller', 'profit': -0.3618878951401931}, {'name': 'S3', 'role': 'seller', 'strategy': 'zi-seller', 'profit': -1.4727900527402216}, {'name': 'S4', 'role': 'seller', 'strategy': 'zi-seller', 'profit': -0.42672403059392955}]","[0.9554060081605082, 0.9343208490440986, 0.9092015623853279, 0.90741301820216, 0.8953091721594731, 0.8948328509557217, 0.8927727439640152, 0.892573473861303, 0.8319318001817675, 0.8234987838102046, 0.7134771561453933, 0.5620295072128376, 0.5611508860306605, 0.49597385858100407, 0.3676493956791399, 0.359224415645646, 0.3281215553246355, 0.3140425830664021, 0.23181336058899116, 0.1945479894238772, 0.1908952573451138, 0.18390951233049202, 0.14623331536767337, 0.046935806515709944, 0.02012700135461143]","[0.06636079828762964, 0.14547839661825868, 0.1683399688195304, 0.17170316516339978, 0.22092594840798074, 0.32904556989861034, 0.35081875098157056, 0.37394805403778997, 0.41886136988376177, 0.4757952809803747, 0.4863551148228096, 0.5702117763188634, 0.5863525161129903, 0.6188193995063738, 0.6218866587328001, 0.6865809154845527, 0.7000612939069529, 0.7107541300012722, 0.8338831331015506, 0.8833177526452967, 0.8894312612747416, 0.9259039119595358, 0.9373663783082311, 0.9481258667360416, 0.9946405068965493]"
20,13,0.544355818829735,7.421274067485913,25,0.721461903029976,0.09721536982320125,0.548,0.003644181170264993,12,"{('buyer', 'zi-buyer'): {'profit': -0.7526427295271487, 'count': 5}, ('seller', 'zi-seller'): {'profit': 1.4741046325571248, 'count': 5}}","[{'name': 'B0', 'role': 'buyer', 'strategy': 'zi-buyer', 'profit': 1.0267801295977397}, {'name': 'B1', 'role': 'buyer', 'strategy': 'zi-buyer', 'profit': -1.5589258070650285}, {'name': 'B2', 'role': 'buyer', 'strategy': 'zi-buyer', 'profit': -0.9293265014546248}, {'name': 'B3', 'role': 'buyer', 'strategy': 'zi-buyer', 'profit': 0.5577374131651552}, {'name': 'B4', 'role': 'buyer', 'strategy': 'zi-buyer', 'profit': 0.15109203622960965}, {'name': 'S0', 'role': 'seller', 'strategy': 'zi-seller', 'profit': 0.12115731515120043}, {'name': 'S1', 'role': 'seller', 'strategy': 'zi-seller', 'profit': 0.5707504143982058}, {'name': 'S2', 'role': 'seller', 'strategy': 'zi-seller', 'profit': 0.25837638065638785}, {'name': 'S3', 'role': 'seller', 'strategy': 'zi-seller', 'profit': 0.07747210163579099}, {'name': 'S4', 'role': 'seller', 'strategy': 'zi-seller', 'profit': 0.4463484207155395}]","[0.9997299045571102, 0.9406429895602756, 0.9363875953739239, 0.9323580928125328, 0.8172848326301548, 0.7882081442526931, 0.7558100826423957, 0.7330241310195067, 0.7008700773725506, 0.6089070765450081, 0.6075113817207027, 0.6018425519428763, 0.5597862372305625, 0.4433031880538446, 0.43764238262943145, 0.3881900346966666, 0.38594582079092443, 0.3302817289796375, 0.3113624670094156, 0.22887464581543882, 0.17528010706736974, 0.12397982158417042, 0.09813533848037181, 0.02872648834697933, 0.013272149358307561]","[0.002381735441274624, 0.023863212755743435, 0.05930217111192415, 0.10043590112389511, 0.12752897637036997, 0.16314239324934565, 0.19866331686299243, 0.23393266279753622, 0.24179326757449615, 0.25033218462249596, 0.2783938390808889, 0.3523939687545097, 0.5289254004289075, 0.5634805546620959, 0.6024283721553546, 0.7377192878369873, 0.7551022959815293, 0.7705903169280862, 0.7880669689740951, 0.7928061906755817, 0.8280178218845632, 0.8799607830696141, 0.97028918957572, 0.9766962574155408, 0.9996482981093273]"
21,13,0.45631339659725456,6.151194571277462,25,-0.45959686809736033,-0.07471668515306168,0.5572,0.10088660340274547,12,"{('buyer', 'zi-buyer'): {'profit': -2.0882818882869696, 'count': 5}, ('seller', 'zi-seller'): {'profit': 1.6286850201896093, 'count': 5}}","[{'name': 'B0', 'role': 'buyer', 'strategy': 'zi-buyer', 'profit': -1.1713390410485238}, {'name': 'B1', 'role': 'buyer', 'strategy': 'zi-buyer', 'profit': 0.16992487174409515}, {'name': 'B2', 'role': 'buyer', 'strategy': 'zi-buyer', 'profit': 0.08300202791508604}, {'name': 'B3', 'role': 'buyer', 'strategy': 'zi-buyer', 'profit': -0.28187327074075263}, {'name': 'B4', 'role': 'buyer', 'strategy': 'zi-buyer', 'profit': -0.8879964761568739}, {'name': 'S0', 'role': 'seller', 'strategy': 'zi-seller', 'profit': 0.6105064420968608}, {'name': 'S1', 'role': 'seller', 'strategy': 'zi-seller', 'profit': 0.07316283173833193}, {'name': 'S2', 'role': 'seller', 'strategy': 'zi-seller', 'profit': 0.7908317088213496}, {'name': 'S3', 'role': 'seller', 'strategy': 'zi-seller', 'profit': 0.011828745329368284}, {'name': 'S4', 'role': 'seller', 'strategy': 'zi-seller', 'profit': 0.14235529220369864}]","[0.9410339108186826, 0.920482066412659, 0.8700297527902274, 0.8430244242731321, 0.8426593847508089, 0.8187039298664684, 0.7533395623438313, 0.7312491452934866, 0.7126219957858155, 0.6302118582199093, 0.5707265848451792, 0.4745830483265122, 0.45806313526435016, 0.33562538670380404, 0.3288212239558689, 0.29511807020602177, 0.2876628295919167, 0.2798819019483264, 0.19260744822818454, 0.17526092183908537, 0.08786172857368857, 0.08228177368188339, 0.07597024206772784, 0.07241388077071176, 0.061483905154749]","[0.04303879891965423, 0.0652063389650619, 0.17006798292328118, 0.18681324126580034, 0.21741937854211646, 0.23479435331466703, 0.23855808995371408, 0.2648547962579937, 0.29315816523882143, 0.40293976145184196, 0.4119936935369263, 0.4321259694135644, 0.45456365793015896, 0.5471369194045085, 0.5883471854775495, 0.6065228808291889, 0.6188798846533954, 0.65139078300557, 0.7010612532539429, 0.7221786710012149, 0.8497303516818135, 0.8666395441249076, 0.8717223332251641, 0.8954824464977189, 0.9666884989418149]"
22,14,0.44081588446102477,6.079597476646599,25,-0.8920888060087222,-0.14673484707424791,0.5268,0.08598411553897528,11,"{('buyer', 'zi-buyer'): {'profit': -1.6052602168683399, 'count': 5}, ('seller', 'zi-seller'): {'profit': 0.7131714108596177, 'count': 5}}","[{'name': 'B0', 'role': 'buyer', 'strategy': 'zi-buyer', 'profit': -0.7069381484784619}, {'name': 'B1', 'role': 'buyer', 'strategy': 'zi-buyer', 'profit': -0.45938953830599283}, {'name': 'B2', 'role': 'buyer', 'strategy': 'zi-buyer', 'profit': -0.775813870738242}, {'name': 'B3', 'role': 'buyer', 'strategy': 'zi-buyer', 'profit': -0.4296558944700516}, {'name': 'B4', 'role': 'buyer', 'strategy': 'zi-buyer', 'profit': 0.7665372351244086}, {'name': 'S0', 'role': 'seller', 'strategy': 'zi-seller', 'profit': 0.5283383858441117}, {'name': 'S1', 'role': 'seller', 'strategy': 'zi-seller', 'profit': -0.011864926151944233}, {'name': 'S2', 'role': 'seller', 'strategy': 'zi-seller', 'profit': 0.4235385719973259}, {'name': 'S3', 'role': 'seller', 'strategy': 'zi-seller', 'profit': 0.09824658429902533}, {'name': 'S4', 'role': 'seller', 'strategy': 'zi-seller', 'profit': -0.32508720512890105}]","[0.936660655258308, 0.9086775925398366, 0.8825178317403207, 0.8723928068522422, 0.8653723433358692, 0.826573479656312, 0.7146688737532726, 0.6938901587204162, 0.6091824547780254, 0.569165789227875, 0.5511571204854235, 0.545955348697777, 0.4677732210375132, 0.44608876688691357, 0.30666130501000677, 0.3061667006861891, 0.2728535891036564, 0.17626947467679155, 0.1454762483863914, 0.14259489878038178, 0.13938870761235034, 0.09179802763109957, 0.04155472733302934, 0.03986604430900942, 0.012033616632649458]","[0.008134181838984067, 0.05532259404518658, 0.13314791973053075, 0.1688068822392007, 0.22605418005792932, 0.24330293807039616, 0.27228955133141974, 0.3148468333421539, 0.3599339607930824, 0.3730310152671099, 0.4010870939249883, 0.40643166214674287, 0.4125471515006468, 0.43554300203513596, 0.4380866505697084, 0.5492149294927392, 0.7563947087296579, 0.7598064011228998, 0.827538602870651, 0.8357648237101161, 0.8484644763557353, 0.8527421594253487, 0.8562917950386773, 0.9270173964395632, 0.995027679061778]"
23,11,0.45828046444021514,5.572173595249625,25,-1.0718862910218787,-0.19236412374798956,0.4864,0.02811953555978486,14,"{('buyer', 'zi-buyer'): {'profit': -1.067085359931414, 'count': 5}, ('seller', 'zi-seller'): {'profit': -0.004800931090464533, 'count': 5}}","[{'name': 'B0', 'role': 'buyer', 'strategy': 'zi-buyer', 'profit': -0.7741360903645529}, {'name': 'B1', 'role': 'buyer', 'strategy': 'zi-buyer', 'profit': -0.5959821975901081}, {'name': 'B2', 'role': 'buyer', 'strategy': 'zi-buyer', 'profit': 0.06649396473344932}, {'name': 'B3', 'role': 'buyer', 'strategy': 'zi-buyer', 'profit': -0.8185108687040787}, {'name': 'B4', 'role': 'buyer', 'strategy': 'zi-buyer', 'profit': 1.0550498319938764}, {'name': 'S0', 'role': 'seller', 'strategy': 'zi-seller', 'profit': 0.6286436131164254}, {'name': 'S1', 'role': 'seller', 'strategy': 'zi-seller', 'profit': 0.9487609760329456}, {'name': 'S2', 'role': 'seller', 'strategy': 'zi-seller', 'profit': -0.5976519181570779}, {'name': 'S3', 'role': 'seller', 'strategy': 'zi-seller', 'profit': -1.0704924261035438}, {'name': 'S4', 'role': 'seller', 'strategy': 'zi-seller', 'profit': 0.08593882402078601}]","[0.9106249894568257, 0.9049149136176708, 0.8990696861920354, 0.7487587063321066, 0.7460594627621512, 0.7372378396889185, 0.6761928405369929, 0.662111972350757, 0.6439479906131519, 0.5883471258282686, 0.5035697287172947, 0.3913213423876989, 0.3809851834643646, 0.311595000346939, 0.303726649393111, 0.2987961877627924, 0.28794036282664315, 0.21665081752028048, 0.21102486602560722, 0.19082822202380723, 0.15686677816077244, 0.11005982390601543, 0.09410116940239299, 0.0788108271314184, 0.03937215362056934]","[0.026061239293416305, 0.03101486541791476, 0.04306470613800584, 0.09300680447820475, 0.15257226604130092, 0.24313618893918976, 0.29633449592346983, 0.37121331078938, 0.3777811107877319, 0.4014854728747984, 0.4129912001631356, 0.4151859116604304, 0.48178790455289, 0.488248828579508, 0.5878058510369362, 0.6587500935980427, 0.6963438371824922, 0.7011529922179518, 0.7027002953327737, 0.7067869379653745, 0.7472357156625132, 0.7763080636411966, 0.8542277063825215, 0.9389346926596601, 0.9606704397716255]"
24,16,0.4552663015142076,9.289045217673685,25,4.557483958531366,0.4906299680682064,0.5207999999999999,0.06553369848579232,9,"{('buyer', 'zi-buyer'): {'profit': 0.9119971868266918, 'count': 5}, ('seller', 'zi-seller'): {'profit': 3.6454867717046744, 'count': 5}}","[{'name': 'B0', 'role': 'buyer', 'strategy': 'zi-buyer', 'profit': 0.551225366204716}, {'name': 'B1', 'role': 'buyer', 'strategy': 'zi-buyer', 'profit': 0.19180387795896725}, {'name': 'B2', 'role': 'buyer', 'strategy': 'zi-buyer', 'profit': 0.11857092071530273}, {'name': 'B3', 'role': 'buyer', 'strategy': 'zi-buyer', 'profit': 0.4656626346020881}, {'name': 'B4', 'role': 'buyer', 'strategy': 'zi-buyer', 'profit': -0.4152656126543821}, {'name': 'S0', 'role': 'seller', 'strategy': 'zi-seller', 'profit': 0.24629579404436586}, {'name': 'S1', 'role': 'seller', 'strategy': 'zi-seller', 'profit': 0.9093836849445682}, {'name': 'S2', 'role': 'seller', 'strategy': 'zi-seller', 'profit': 0.8833946209295465}, {'name': 'S3', 'role': 'seller', 'strategy': 'zi-seller', 'profit': 0.8701653189340723}, {'name': 'S4', 'role': 'seller', 'strategy': 'zi-seller', 'profit': 0.7362473528521212}]","[0.977950609571414, 0.9650071464525563, 0.9581091755952112, 0.8995777361283532, 0.8720614864650167, 0.8547397419495223, 0.85273396513554, 0.8079753795008461, 0.7778542376011068, 0.7690094283955227, 0.7678472561532453, 0.716647482054001, 0.6965835108803475, 0.6241481580753768, 0.5303726775055015, 0.5126134282421858, 0.29236798885512316, 0.28373713393017985, 0.1921042190725819, 0.18890294951386044, 0.12453946362693058, 0.11292814552913122, 0.10265938301289534, 0.04401822971807312, 0.007508253862168912]","[0.013480583951677616, 0.03514768687412706, 0.0525400276557243, 0.07478752311382908, 0.0854381019717898, 0.0873994619604983, 0.17324436015449363, 0.1756483887701087, 0.18433323738075846, 0.24140457815193195, 0.2988985379447494, 0.34282764102567664, 0.34832618213413924, 0.3858356772514756, 0.39695503890485184, 0.3979191747862294, 0.44746651622992684, 0.5234123201697323, 0.5272946872621722, 0.5364101145834492, 0.660308486582928, 0.6846335902764712, 0.8451234879110366, 0.9210402417806027, 0.9346375814669459]"
